---
Gimnasia La Plata: Gimnasia LP
San Martin de San Juan: San Martin
Atletico Go: Atletico GO
Internacional: Internacional RS
Haka: FC Haka
FC Basel: Basel
Zestafoni: FC Zestafoni
Grotta: Grotta Seltjarnarnes
IA Akranes: ÍA Akranes
Fjolnir: Fjolnir Reykjavik
Leiknir: Leiknir Reykjavik
Keflavik: Keflavík
Mervue Utd: Mervue United
Drogheda: Drogheda United
Derry: Derry City
Fukuoka: Avispa Fukuoka
C-Osaka: Cerezo Osaka
Kashiwa: Kashiwa Reysol
Sarpsborg: Sarpsborg 08
Hougang: Hougang United FC
Gombak: Gombak United
Trelleborgs: Trelleborgs FF
IFK Goteborg: IFK Göteborg
Gefle: Gefle IF
Qviding: Qviding FIF
Vasteras SK: Västerås SK
England U17: England (U17)
Argentina U17: Argentina (U17)
Germany U17: Germany (U17)
USA U17: USA (U17)
Rustavi: Olimpi Rustavi
Banga: Banga Gargzdai
Karabakh: FK Karabakh Agdam
Trans Narva: JK Trans Narva
Rabotnicki: FK Rabotnicki
FC Daugava: Daugava
Tromso: Tromsø
Nomme Kalju: JK Nomme Kalju
Elfsborg: IF Elfsborg
Fola Esch: CS Fola Esch
Varazdin: NK Varteks
FC Lusitans: FC Lusitanos
Aalesunds: Aalesund
Milsami: FC Milsami
Zeta: FK Zeta
Paks: Paksi
FC Ulysses: FC Ulisses Yerevan
IBV: Vestmannæyjar
St Patricks: St. Patrick's Athletic
Kaerjeng: UN Kaerjeng 97
Hacken: BK Hacken
Cliftonville: Cliftonville FC Belfast
Birkirkara: Birkirkara FC
Glentoran: Glentoran FC Belfast
NSI Runavik: NSÌ Runavík
Jagiellonia: ! 'Jagiellonia Bialystok '
Irtysh Pavlodar: FC Irtysh Pavlodar
Olimpija: Olimpia Ljubljana
Flamurtari: KS Flamurtari Vlorë
Canada (W): Canada
France (W): France
Germany (W): Germany
Nigeria (W): Nigeria
Japan (W): Japan
Mexico (W): Mexico
New Zealand (W): New Zealand
England (W): England
North Korea (W): North Korea
Sweden (W): Sweden
USA (W): USA
Colombia (W): Colombia
Jo Wilfried Tsonga: Tsonga J.-W.
Novak Djokovic: Djokovic N.
Milwaukee (R Wolf): MIL Brewers
NY Yankees (C Sabathia): NY Yankees
